time,imigration,emigration,netMigration,totalMigration,Births,Deaths,natGrowth,totalNatGrowth,totGrowth(migrationplusnatural),baseline,Canada,growthDif,Ontario
1867-06-01,,,,,,,,,,3463000,3463000,,1525000
1868-06-01,,,,,,,,,,3511000,3511000,48000,1545000
1869-06-01,,,,,,,,,,3565000,3565000,54000,1569000
1870-06-01,,,,,,,,,,3625000,3625000,60000,1594000
1871-06-01,,,,,,,,,,3689000,3689000,64000,1621000
1872-06-01,,,,,,,,,,3754000,3754000,65000,1651000
1873-06-01,,,,,,,,,,3826000,3826000,72000,1685000
1874-06-01,,,,,,,,,,3895000,3895000,69000,1718000
1875-06-01,,,,,,,,,,3954000,3954000,59000,1746000
1876-06-01,,,,,,,,,,4009000,4009000,55000,1774000
1877-06-01,,,,,,,,,,4064000,4064000,55000,1802000
1878-06-01,,,,,,,,,,4120000,4120000,56000,1829000
1879-06-01,,,,,,,,,,4185000,4185000,65000,1861000
1880-06-01,,,,,,,,,,4255000,4255000,70000,1894000
1881-06-01,,,,,,,,,,4325000,4325000,70000,1927000
1882-06-01,,,,,,,,,,4375000,4375000,50000,1946000
1883-06-01,,,,,,,,,,4430000,4430000,55000,1968000
1884-06-01,,,,,,,,,,4487000,4487000,57000,1988000
1885-06-01,,,,,,,,,,4537000,4537000,50000,2005000
1886-06-01,,,,,,,,,,4580000,4580000,43000,2020000
1887-06-01,,,,,,,,,,4626000,4626000,46000,2037000
1888-06-01,,,,,,,,,,4678000,4678000,52000,2057000
1889-06-01,,,,,,,,,,4729000,4729000,51000,2075000
1890-06-01,,,,,,,,,,4779000,4779000,50000,2093000
1891-06-01,,,,,,,,,,4833000,4833000,54000,2114000
1892-06-01,,,,,,,,,,4883000,4883000,50000,2119000
1893-06-01,,,,,,,,,,4931000,4931000,48000,2122000
1894-06-01,,,,,,,,,,4979000,4979000,48000,2128000
1895-06-01,,,,,,,,,,5026000,5026000,47000,2133000
1896-06-01,,,,,,,,,,5074000,5074000,48000,2137000
1897-06-01,,,,,,,,,,5122000,5122000,48000,2142000
1898-06-01,,,,,,,,,,5175000,5175000,53000,2149000
1899-06-01,,,,,,,,,,5235000,5235000,60000,2159000
1900-06-01,,,,,,,,,,5301000,5301000,66000,2172000
1901-06-01,,,,,,,,,,5371000,5371000,70000,2183000
1902-06-01,,,,,,,,,,5494000,5494000,123000,2194000
1903-06-01,,,,,,,,,,5651000,5651000,157000,2217000
1904-06-01,,,,,,,,,,5827000,5827000,176000,2246000
1905-06-01,,,,,,,,,,6002000,6002000,175000,2289000
1906-06-01,,,,,,,,,,6097000,6097000,95000,2299000
1907-06-01,,,,,,,,,,6411000,6411000,314000,2365000
1908-06-01,,,,,,,,,,6625000,6625000,214000,2412000
1909-06-01,,,,,,,,,,6800000,6800000,175000,2444000
1910-06-01,,,,,,,,,,6988000,6988000,188000,2482000
1911-06-01,,,,,,,,,,7207000,7207000,219000,2527000
1912-06-01,,,,,,,,,,7389000,7389000,182000,2572000
1913-06-01,,,,,,,,,,7632000,7632000,243000,2639000
1914-06-01,,,,,,,,,,7879000,7879000,247000,2705000
1915-06-01,,,,,,,,,,7981000,7981000,102000,2724000
1916-06-01,,,,,,,,,,8001000,8001000,20000,2713000
1917-06-01,,,,,,,,,,8060000,8060000,59000,2724000
1918-06-01,,,,,,,,,,8148000,8148000,88000,2744000
1919-06-01,,,,,,,,,,8311000,8311000,163000,2789000
1920-06-01,,,,,,,,,,8556000,8556000,245000,2863000
1921-06-01,,,,,,,,,,8788000,8788000,232000,2934000
1922-06-01,,,,,256875,102761,154114,154114,154114,8788000,8919000,131000,2980000
1923-06-01,,,,,247285,106008,141277,295391,141277,8788000,9010000,91000,3013000
1924-06-01,,,,,242120,99507,142613,438004,142613,8788000,9143000,133000,3059000
1925-06-01,,,,,243740,98227,145513,583517,145513,8788000,9294000,151000,3111000
1926-06-01,,,,,240303,105695,134608,718125,134608,8788000,9451000,157000,3164300
1927-06-01,,,,,231119,104760,126359,844484,126359,8788000,9637000,186000,3219000
1928-06-01,,,,,236501,105534,130967,975451,130967,8788000,9835000,198000,3278000
1929-06-01,,,,,235400,116403,118997,1094448,118997,8788000,10029000,194000,3334000
1930-06-01,,,,,240473,108150,132323,1226771,132323,8788000,10208000,179000,3386000
1931-06-01,23340,,23340,23340,241429,107895,133534,1360305,156874,8788000,10376700,168700,3431700
1932-06-01,17906,,17906,41246,238788,104890,133898,1494203,151804,8788000,10510000,133300,3473000
1933-06-01,13513,,13513,54759,232674,103629,129045,1623248,142558,8788000,10633000,123000,3512000
1934-06-01,11609,,11609,66368,219536,100928,118608,1741856,130217,8788000,10741000,108000,3544000
1935-06-01,11474,,11474,77842,222072,105136,116936,1858792,128410,8788000,10845000,104000,3575000
1936-06-01,12767,,12767,90609,222344,105150,117194,1975986,129961,8788000,10950000,105000,3605500
1937-06-01,16193,,16193,106802,218769,111570,107199,2083185,123392,8788000,11045000,95000,3637000
1938-06-01,17858,,17858,124660,224027,109768,114259,2197444,132117,8788000,11152000,107000,3672000
1939-06-01,13540,,13540,138200,231096,109742,121354,2318798,134894,8788000,11267000,115000,3708000
1940-06-01,11279,,11279,149479,231295,106440,124855,2443653,136134,8788000,11381000,114000,3747000
1941-06-01,8845,,8845,158324,253438,114999,138439,2582092,147284,8788000,11506700,125700,3787700
1942-06-01,7521,,7521,165845,260962,114751,146211,2728303,153732,8788000,11654000,147300,3884000
1943-06-01,9127,,9127,174972,279873,121367,158506,2886809,167633,8788000,11795000,141000,3915000
1944-06-01,20438,,20438,195410,284471,127850,156621,3043430,177059,8788000,11946000,151000,3963000
1945-06-01,38341,,38341,233751,285177,133451,151726,3195156,190067,8788000,12072000,126000,4000000
1946-03-01,12738,,12738,246489,73273,31629,41644,3236800,54382,8788000,12188000,116000,4093000
1946-06-01,21176,,21176,267665,86530,28938,57592,3294392,78768,8788000,12241000,53000,4093000
1946-09-01,25078,,25078,292743,88465,26021,62444,3356836,87522,8788000,12316000,75000,4093000
1946-12-01,12727,,12727,305470,83203,28770,54433,3411269,67160,8788000,12393000,77000,4093000
1947-03-01,8009,,8009,313479,89319,30985,58334,3469603,66343,8788000,12450000,57000,4176000
1947-06-01,13404,,13404,326883,96722,30269,66453,3536056,79857,8788000,12507000,57000,4176000
1947-09-01,18624,,18624,345507,91900,27229,64671,3600727,83295,8788000,12576000,69000,4176000
1947-12-01,24090,,24090,369597,82002,29674,52328,3653055,76418,8788000,12646000,70000,4176000
1948-03-01,23076,,23076,392673,85176,32815,52361,3705416,75437,8788000,12710000,64000,4275000
1948-06-01,34199,,34199,426872,89996,30588,59408,3764824,93607,8788000,12773000,63000,4275000
1948-09-01,33932,,33932,460804,90676,27530,63146,3827970,97078,8788000,12852000,79000,4275000
1948-12-01,34207,,34207,495011,82378,28933,53445,3881415,87652,8788000,12930000,78000,4275000
1949-03-01,23265,,23265,518276,87976,32764,55212,3936627,78477,8788000,12998000,68000,4378000
1949-06-01,30243,,30243,548519,96444,32154,64290,4000917,94533,8788000,13399000,401000,4378000
1949-09-01,22641,,22641,571160,95731,28759,66972,4067889,89613,8788000,13475000,76000,4378000
1949-12-01,19068,,19068,590228,86941,30890,56051,4123940,75119,8788000,13548000,73000,4378000
1950-03-01,14470,,14470,604698,88890,33059,55831,4179771,70301,8788000,13607000,59000,4471000
1950-06-01,22816,,22816,627514,97014,31826,65188,4244959,88004,8788000,13663000,56000,4471000
1950-09-01,16964,,16964,644478,97311,28765,68546,4313505,85510,8788000,13737000,74000,4471000
1950-12-01,19662,,19662,664140,88794,30570,58224,4371729,77886,8788000,13807000,70000,4471000
1951-03-01,25914,,25914,690054,91739,36129,55610,4427339,81524,8788000,13870000,63000,4471000
1951-06-01,53871,,53871,743925,101404,30125,71279,4498618,125150,8788000,13937000,67000,4471000
1951-09-01,50100,13637,36463,780388,99029,28371,70658,4569276,107121,8788000,14050000,113000,4615000
1951-12-01,64506,13637,50869,831257,88920,31198,57722,4626998,108591,8788000,14163000,113000,4665000
1952-03-01,42743,13637,29106,860363,96804,32694,64110,4691108,93216,8788000,14277000,114000,4717000
1952-06-01,55314,14685,40629,900992,105616,31895,73721,4764829,114350,8788000,14376000,99000,4757000
1952-09-01,37239,16563,20676,921668,104700,29616,75084,4839913,95760,8788000,14496000,120000,4802000
1952-12-01,29202,15674,13528,935196,96439,32180,64259,4904172,77787,8788000,14598000,102000,4841000
1953-03-01,22937,12550,10387,945583,99549,34469,65080,4969252,75467,8788000,14682000,84000,4876000
1953-06-01,55399,13093,42306,987889,107886,31840,76046,5045298,118352,8788000,14763000,81000,4907000
1953-09-01,46762,16152,30610,1018499,108888,29944,78944,5124242,109554,8788000,14886000,123000,4956000
1953-12-01,43770,16180,27590,1046089,101561,31538,70023,5194265,97613,8788000,15001000,115000,5002000
1954-03-01,28223,12025,16198,1062287,105338,31854,73484,5267749,89682,8788000,15105000,104000,5047000
1954-06-01,57542,13332,44210,1106497,112916,31612,81304,5349053,125514,8788000,15199000,94000,5082000
1954-09-01,41088,16274,24814,1131311,112845,29363,83482,5432535,108296,8788000,15330000,131000,5130000
1954-12-01,27374,15519,11855,1143166,105099,32026,73073,5505608,84928,8788000,15444000,114000,5174000
1955-03-01,17627,12047,5580,1148746,107963,33115,74848,5580456,80428,8788000,15535000,91000,5208000
1955-06-01,40790,13467,27323,1176069,116024,32392,83632,5664088,110955,8788000,15620000,85000,5236000
1955-09-01,28190,19361,8829,1184898,113204,30465,82739,5746827,91568,8788000,15736000,116000,5278000
1955-12-01,23339,17018,6321,1191219,105746,32504,73242,5820069,79563,8788000,15834000,98000,5311000
1956-03-01,18963,14158,4805,1196024,108574,33793,74781,5894850,79586,8788000,15919000,85000,5344000
1956-06-01,50961,17577,33384,1229408,114498,33181,81317,5976167,114701,8788000,16004000,85000,5375000
1956-09-01,40085,19156,20929,1250337,117992,31110,86882,6063049,107811,8788000,16123000,119000,5423000
1956-12-01,54848,17862,36986,1287323,109675,33877,75798,6138847,112784,8788000,16235000,112000,5470000
1957-03-01,62460,15429,47031,1334354,111143,33914,77229,6216076,124260,8788000,16352000,117000,5529000
1957-06-01,119956,16855,103101,1437455,123887,33219,90668,6306744,193769,8788000,16479000,127000,5580000
1957-09-01,61850,21296,40554,1478009,121039,32084,88955,6395699,129509,8788000,16677000,198000,5668000
1957-12-01,37898,20803,17095,1495104,113024,37362,75662,6471361,92757,8788000,16810000,133000,5722000
1958-03-01,21243,12965,8278,1503382,113769,34625,79144,6550505,87422,8788000,16907000,97000,5759000
1958-06-01,46501,14888,31613,1534995,122148,33694,88454,6638959,120067,8788000,16997000,90000,5789000
1958-09-01,32387,17630,14757,1549752,118500,32158,86342,6725301,101099,8788000,17120000,123000,5835000
1958-12-01,24720,16198,8522,1558274,115701,34724,80977,6806278,89499,8788000,17225000,105000,5874000
1959-03-01,16955,12472,4483,1562757,117067,36130,80937,6887215,85420,8788000,17318000,93000,5907000
1959-06-01,40134,15133,25001,1587758,123930,36276,87654,6974869,112655,8788000,17406000,88000,5938000
1959-09-01,28266,21568,6698,1594456,123674,32808,90866,7065735,97564,8788000,17522000,116000,5985000
1959-12-01,21573,20016,1557,1596013,114604,34699,79905,7145640,81462,8788000,17624000,102000,6020000
1960-03-01,16599,15151,1448,1597461,114856,36028,78828,7224468,80276,8788000,17710000,86000,6054000
1960-06-01,41442,17599,23843,1621304,123188,34660,88528,7312996,112371,8788000,17793000,83000,6083000
1960-09-01,25802,22224,3578,1624882,125397,33206,92191,7405187,95769,8788000,17909000,116000,6127000
1960-12-01,20268,20622,-354,1624528,115110,35799,79311,7484498,78957,8788000,18009000,100000,6158000
1961-03-01,11839,13984,-2145,1622383,116011,35912,80099,7564597,77954,8788000,18092000,83000,6187000
1961-06-01,24943,17075,7868,1630251,122901,35642,87259,7651856,95127,8788000,18172000,80000,6214000
1961-09-01,19386,21561,-2175,1628076,122037,33553,88484,7740340,86309,8788000,18271000,99000,6248000
1961-12-01,15521,19685,-4164,1623912,114751,35878,78873,7819213,74709,8788000,18363000,92000,6275000
1962-03-01,11762,15506,-3744,1620168,113641,37534,76107,7895320,72363,8788000,18442000,79000,6303000
1962-06-01,22299,16983,5316,1625484,120641,35955,84686,7980006,90002,8788000,18519000,77000,6330000
1962-09-01,22507,22683,-176,1625308,122008,33970,88038,8068044,87862,8788000,18614000,95000,6362000
1962-12-01,18018,21568,-3550,1621758,113403,36240,77163,8145207,73613,8788000,18708000,94000,6395000
1963-03-01,13410,17259,-3849,1617909,113861,39054,74807,8220014,70958,8788000,18787000,79000,6427000
1963-06-01,28034,18687,9347,1627256,122139,36763,85376,8305390,94723,8788000,18864000,77000,6455000
1963-09-01,27900,24446,3454,1630710,120043,34670,85373,8390763,88827,8788000,18964000,100000,6497000
1963-12-01,23807,23171,636,1631346,109724,36880,72844,8463607,73480,8788000,19061000,97000,6535000
1964-03-01,17546,18755,-1209,1630137,111315,36724,74591,8538198,73382,8788000,19142000,81000,6572000
1964-06-01,33777,20659,13118,1643255,118283,35845,82438,8620636,95556,8788000,19222000,80000,6602000
1964-09-01,33343,28201,5142,1648397,116250,35550,80700,8701336,85842,8788000,19325000,103000,6646000
1964-12-01,27940,24815,3125,1651522,107067,37731,69336,8770672,72461,8788000,19420000,95000,6687000
1965-03-01,22279,21039,1240,1652762,105247,38200,67047,8837719,68287,8788000,19501000,81000,6723000
1965-06-01,40619,23297,17322,1670084,110285,36530,73755,8911474,91077,8788000,19578000,77000,6758000
1965-09-01,45511,32175,13336,1683420,106970,35926,71044,8982518,84380,8788000,19678000,100000,6803000
1965-12-01,38349,28796,9553,1692973,96093,38283,57810,9040328,67363,8788000,19777000,99000,6849000
1966-03-01,30713,15677,15036,1708009,95717,38189,57528,9097856,72564,8788000,19857000,80000,6888000
1966-06-01,55288,17631,37657,1745666,102192,38463,63729,9161585,101386,8788000,19939000,82000,6926000
1966-09-01,58533,30120,28413,1774079,98726,35675,63051,9224636,91464,8788000,20048000,109000,6977000
1966-12-01,50209,28061,22148,1796227,91075,37536,53539,9278175,75687,8788000,20146000,98000,7025000
1967-03-01,43989,22833,21156,1817383,90988,37305,53683,9331858,74839,8788000,20228000,82000,7063000
1967-06-01,64969,24281,40688,1858071,97962,37343,60619,9392477,101307,8788000,20306000,78000,7096000
1967-09-01,65635,32408,33227,1891298,94611,36809,57802,9450279,91029,8788000,20412000,106000,7142000
1967-12-01,48283,28940,19343,1910641,87333,38826,48507,9498786,67850,8788000,20509000,97000,7186000
1968-03-01,35601,24798,10803,1921444,89091,40802,48289,9547075,59092,8788000,20581000,72000,7213000
1968-06-01,49738,26187,23551,1944995,95423,37435,57988,9605063,81539,8788000,20644000,63000,7238000
1968-09-01,51037,26071,24966,1969961,93622,36729,56893,9661956,81859,8788000,20729000,85000,7275000
1968-12-01,47598,22980,24618,1994579,86174,38230,47944,9709900,72562,8788000,20814000,85000,7305000
1969-03-01,30788,19892,10896,2005475,89765,40175,49590,9759490,60486,8788000,20888000,74000,7338000
1969-06-01,40333,21295,19038,2024513,96561,38164,58397,9817887,77435,8788000,20950000,62000,7362000
1969-09-01,48571,26342,22229,2046742,95002,37290,57712,9875599,79941,8788000,21028000,78000,7399000
1969-12-01,41839,22560,19279,2066021,88319,38848,49471,9925070,68750,8788000,21111000,83000,7442000
1970-03-01,30783,17651,13132,2079153,89932,41197,48735,9973805,61867,8788000,21182000,71000,7488000
1970-06-01,40052,19336,20716,2099869,96831,37790,59041,10032846,79757,8788000,21244000,62000,7528000
1970-09-01,42488,24273,18215,2118084,94840,37729,57111,10089957,75326,8788000,21324000,80000,7566000
1970-12-01,34390,19701,14689,2132773,90385,39245,51140,10141097,65829,8788000,21400000,76000,7613000
1971-03-01,27899,16594,11305,2144078,92879,40731,52148,10193245,63453,8788000,21465000,65000,7656000
1971-06-01,31278,16951,14327,2158405,93710,38527,55183,10248428,69510,8788000,21523000,58000,7683000
1971-09-01,51026,19835,31191,2189596,90942,37697,53245,10301673,84436,8788000,21962032,439032,7849027
1971-12-01,32860,16717,16143,2205739,84656,40317,44339,10346012,60482,8788000,22039243,77211,7882241
1972-03-01,33887,14340,19547,2225286,86630,42608,44022,10390034,63569,8788000,22092498,53255,7906337
1972-06-01,41717,15142,26575,2251861,89028,38911,50117,10440151,76692,8788000,22148919,56421,7927220
1972-09-01,48117,19340,28777,2280638,87974,39488,48486,10488637,77263,8788000,22218463,69544,7963117
1972-12-01,38323,14416,23907,2304545,83687,41406,42281,10530918,66188,8788000,22288499,70036,7992037
1973-03-01,35847,13454,22393,2326938,84829,42222,42607,10573525,65000,8788000,22347459,58960,8013391
1973-06-01,60350,16640,43710,2370648,89325,39502,49823,10623348,93533,8788000,22405392,57933,8035129
1973-09-01,65456,26364,39092,2409740,87774,41077,46697,10670045,85789,8788000,22491777,86385,8075547
1973-12-01,68244,22025,46219,2455959,81445,41238,40207,10710252,86426,8788000,22570338,78561,8107108
1974-03-01,54437,16430,38007,2493966,84685,41885,42800,10753052,80807,8788000,22649538,79200,8139808
1974-06-01,64065,18682,45383,2539349,88542,42084,46458,10799510,91841,8788000,22723274,73736,8172562
1974-09-01,77584,22047,55537,2594886,91558,40445,51113,10850623,106650,8788000,22807969,84695,8204275
1974-12-01,56431,20890,35541,2630427,85865,42380,43485,10894108,79026,8788000,22907390,99421,8240114
1975-03-01,53921,17989,35932,2666359,86619,45680,40939,10935047,76871,8788000,22979190,71800,8260161
1975-06-01,66855,17095,49760,2716119,91918,40246,51672,10986719,101432,8788000,23048990,69800,8284503
1975-09-01,70113,19095,51018,2767137,93748,40230,53518,11040237,104536,8788000,23143275,94285,8319795
1975-12-01,41359,16537,24822,2791959,87038,41020,46018,11086255,70840,8788000,23240585,97310,8352911
1976-03-01,42169,14250,27919,2819878,89911,45033,44878,11131133,72797,8788000,23304197,63612,8366498
1976-06-01,49788,16832,32956,2852834,93581,40145,53436,11184569,86392,8788000,23369845,65648,8387985
1976-09-01,57328,18803,38525,2891359,89854,39596,50258,11234827,88783,8788000,23449808,79963,8413779
1976-12-01,33246,14478,18768,2910127,86641,42235,44406,11279233,63174,8788000,23533565,83757,8438765
1977-03-01,34250,10827,23423,2933550,88901,42383,46518,11325751,69941,8788000,23591713,58148,8458617
1977-06-01,36855,13699,23156,2956706,92454,41533,50921,11376672,74077,8788000,23656739,65026,8481322
1977-09-01,49235,20837,28398,2985104,92294,40064,52230,11428902,80628,8788000,23725843,69104,8504080
1977-12-01,24895,16046,8849,2993953,87751,43518,44233,11473135,53082,8788000,23801445,75602,8530102
1978-03-01,28347,11992,16355,3010308,87525,44779,42746,11515881,59101,8788000,23849503,48058,8548453
1978-06-01,27377,14446,12931,3023239,92223,40669,51554,11567435,64485,8788000,23903687,54184,8569298
1978-09-01,37175,20924,16251,3039490,91320,40302,51018,11618453,67269,8788000,23963203,59516,8590144
1978-12-01,22226,16112,6114,3045604,87784,42429,45355,11663808,51469,8788000,24025447,62244,8604263
1979-03-01,26793,12044,14749,3060353,88709,42251,46458,11710266,61207,8788000,24071889,46442,8619239
1979-06-01,37815,13278,24537,3084890,94619,40823,53796,11764062,78333,8788000,24128180,56291,8638099
1979-09-01,47750,17929,29821,3114711,94136,41432,52704,11816766,82525,8788000,24201544,73364,8662088
1979-12-01,37925,11498,26427,3141138,88600,43677,44923,11861689,71350,8788000,24279044,77500,8674941
1980-03-01,41914,9376,32538,3173676,90200,44839,45361,11907050,77899,8788000,24345365,66321,8693157
1980-06-01,60580,11076,49504,3223180,94350,41512,52838,11959888,102342,8788000,24418295,72930,8715218
1980-09-01,52249,14255,37994,3261174,96053,41154,54899,12014787,92893,8788000,24515667,97372,8746013
1980-12-01,31226,10518,20708,3281882,90106,43968,46138,12060925,66846,8788000,24603534,87867,8757388
1981-03-01,34579,8662,25917,3307799,90121,43651,46470,12107395,72387,8788000,24665355,61821,8770591
1981-06-01,49521,11428,38093,3345892,95859,41762,54097,12161492,92190,8788000,24732826,67471,8787156
1981-09-01,69005,17734,51271,3397163,96005,41624,54381,12215873,105652,8788000,24819915,87089,8812286
1981-12-01,31418,12228,19190,3416353,89361,43992,45369,12261242,64559,8788000,24920120,100205,8846005
1982-03-01,32425,11216,21209,3437562,90917,43955,46962,12308204,68171,8788000,24979229,59109,8865774
1982-06-01,40464,13608,26856,3464418,96189,42781,53408,12361612,80264,8788000,25042069,62840,8892646
1982-09-01,48910,20895,28015,3492433,96073,42045,54028,12415640,82043,8788000,25116942,74873,8920288
1982-12-01,24151,13681,10470,3502903,89903,45632,44271,12459911,54741,8788000,25193538,76596,8957042
1983-03-01,28972,10694,18278,3521181,90272,45676,44596,12504507,62874,8788000,25242830,49292,8982933
1983-06-01,31246,13956,17290,3538471,97346,43169,54177,12558684,71467,8788000,25300372,57542,9010994
1983-09-01,40257,21186,19071,3557542,95476,41397,54079,12612763,73150,8788000,25366451,66079,9039564
1983-12-01,20039,12735,7304,3564846,90595,44242,46353,12659116,53657,8788000,25434150,67699,9074145
1984-03-01,26973,10655,16318,3581164,91429,44855,46574,12705690,62892,8788000,25482358,48208,9100590
1984-06-01,32408,13194,19214,3600378,97033,43665,53368,12759058,72582,8788000,25539861,57503,9129833
1984-09-01,39435,18911,20524,3620902,98012,42473,55539,12814597,76063,8788000,25607053,67192,9167484
1984-12-01,15611,12481,3130,3624032,90557,44734,45823,12860420,48953,8788000,25677668,70615,9210346
1985-03-01,27322,11033,16289,3640321,90060,47473,42587,12903007,58876,8788000,25721170,43502,9230294
1985-06-01,32336,12777,19559,3659880,97636,44405,53231,12956238,72790,8788000,25774717,53547,9256175
1985-09-01,42761,19076,23685,3683565,97339,42895,54444,13010682,78129,8788000,25842116,67399,9294657
1985-12-01,20212,11289,8923,3692488,90692,46550,44142,13054824,53065,8788000,25914797,72681,9338435
1986-03-01,31207,8715,22492,3714980,89502,49461,40041,13094865,62533,8788000,25962414,47617,9362036
1986-06-01,42714,11515,31199,3746179,97848,44447,53401,13148266,84600,8788000,26019615,57201,9391784
1986-09-01,53188,17814,35374,3781553,96335,43679,52656,13200922,88030,8788000,26100278,80663,9437359
1986-12-01,37638,11055,26583,3808136,89228,46637,42591,13243513,69174,8788000,26187639,87361,9493289
1987-03-01,57709,9104,48605,3856741,89268,46987,42281,13285794,90886,8788000,26256140,68501,9531478
1987-06-01,57737,9734,48003,3904744,98191,45296,52895,13338689,100898,8788000,26346370,90230,9577947
1987-09-01,63832,16179,47653,3952397,94213,45426,48787,13387476,96440,8788000,26446601,100231,9637945
1987-12-01,29099,9295,19804,3972201,88070,47244,40826,13428302,60630,8788000,26542370,95769,9702789
1988-03-01,45736,7499,38237,4010438,90096,50833,39263,13467565,77500,8788000,26602328,59958,9735171
1988-06-01,70014,8005,62009,4072447,97654,46414,51240,13518805,113249,8788000,26679165,76837,9774964
1988-09-01,103381,14322,89059,4161506,98024,45503,52521,13571326,141580,8788000,26791747,112582,9838620
1988-12-01,65506,8894,56612,4218118,91021,47261,43760,13615086,100372,8788000,26932655,140908,9917210
1989-03-01,79639,7444,72195,4290313,92978,49096,43882,13658968,116077,8788000,27032356,99701,9969308
1989-06-01,83941,9735,74206,4364519,102012,46548,55464,13714432,129670,8788000,27147776,115420,10031922
1989-09-01,84488,14680,69808,4434327,102100,45320,56780,13771212,126588,8788000,27276781,129005,10103305
1989-12-01,24806,8849,15957,4450284,95571,50001,45570,13816782,61527,8788000,27402695,125914,10167642
1990-03-01,63753,7391,56362,4506646,98530,50625,47905,13864687,104267,8788000,27463550,60855,10189985
1990-06-01,73065,8840,64225,4570871,107079,46662,60417,13925104,124642,8788000,27567161,103611,10238884
1990-09-01,72919,14407,58512,4629383,104624,46012,58612,13983716,117124,8788000,27691138,123977,10295832
1990-12-01,10337,8974,1363,4630746,95253,48674,46579,14030295,47942,8788000,27807591,116453,10344678
1991-03-01,36589,9217,27372,4658118,97191,49928,47263,14077558,74635,8788000,27854861,47270,10355101
1991-06-01,63892,11094,52798,4710916,105861,47825,58036,14135594,110834,8788000,27928837,73976,10385937
1991-09-01,62516,24012,38504,4749420,103809,46329,57480,14193074,95984,8788000,28037420,108583,10431316
1991-12-01,30683,14638,16045,4765465,95672,51487,44185,14237259,60230,8788000,28127327,89907,10465562
1992-03-01,59857,12666,47191,4812656,98480,51436,47044,14284303,94235,8788000,28181477,54150,10488022
1992-06-01,64205,14058,50147,4862803,105146,47715,57431,14341734,107578,8788000,28269699,88222,10528346
1992-09-01,77236,23186,54050,4916853,101832,46890,54942,14396676,108992,8788000,28371264,101565,10572205
1992-12-01,37198,14384,22814,4939667,93185,50494,42691,14439367,65505,8788000,28474177,102913,10610665
1993-03-01,45008,12393,32615,4972282,94801,54204,40597,14479964,73212,8788000,28533602,59425,10629994
1993-06-01,51542,13774,37768,5010050,102363,50220,52143,14532107,89911,8788000,28600864,67262,10656924
1993-09-01,79736,23522,56214,5066264,99855,48135,51720,14583827,107934,8788000,28684764,83900,10690038
1993-12-01,32866,16658,16208,5082472,91375,52353,39022,14622849,55230,8788000,28786619,101855,10728737
1994-03-01,52392,12470,39922,5122394,93553,55849,37704,14660553,77626,8788000,28835772,49153,10744762
1994-06-01,64528,16552,47976,5170370,101376,50127,51249,14711802,99225,8788000,28907448,71676,10776819
1994-09-01,78852,27691,51161,5221531,99235,48607,50628,14762430,101789,8788000,29000663,93215,10819146
1994-12-01,29897,16743,13154,5234685,90950,52494,38456,14800886,51610,8788000,29096372,95709,10860406
1995-03-01,51432,11975,39457,5274142,92452,56323,36129,14837015,75586,8788000,29141902,45530,10875308
1995-06-01,64793,15405,49388,5323530,99361,51965,47396,14884411,96784,8788000,29211541,69639,10906895
1995-09-01,77425,26778,50647,5374177,98615,49219,49396,14933807,100043,8788000,29302311,90770,10950119
1995-12-01,38046,15746,22300,5396477,87588,53226,34362,14968169,56662,8788000,29396274,93963,10993416
1996-03-01,50369,11047,39322,5435799,90013,55962,34051,15002220,73373,8788000,29446857,50583,11009307
1996-06-01,69847,14570,55277,5491076,96237,51359,44878,15047098,100155,8788000,29514217,67360,11037392
1996-09-01,82545,26787,55758,5546834,94640,49897,44743,15091841,100501,8788000,29610218,96001,11082903
1996-12-01,33881,17685,16196,5563030,85310,55662,29648,15121489,45844,8788000,29708206,97988,11130574
1997-03-01,57745,14665,43080,5606110,84968,59109,25859,15147348,68939,8788000,29751536,43330,11146270
1997-06-01,69824,19242,50582,5656692,92395,52553,39842,15187190,90424,8788000,29818012,66476,11179959
1997-09-01,79920,28379,51541,5708233,89500,49686,39814,15227004,91355,8788000,29905948,87936,11227651
1997-12-01,26859,18040,8819,5717052,81735,54321,27414,15254418,36233,8788000,29994790,88842,11278893
1998-03-01,46328,13879,32449,5749501,83424,61737,21687,15276105,54136,8788000,30028506,33716,11292059
1998-06-01,56040,17081,38959,5788460,90464,51944,38520,15314625,77479,8788000,30080180,51674,11322038
1998-09-01,68331,28284,40047,5828507,88881,49947,38934,15353559,78981,8788000,30155173,74993,11365901
1998-12-01,22071,16263,5808,5834315,79649,54463,25186,15378745,30994,8788000,30231639,76466,11408804
1999-03-01,48902,12521,36381,5870696,81890,61232,20658,15399403,57039,8788000,30260117,28478,11419589
1999-06-01,69698,16507,53191,5923887,87875,51990,35885,15435288,89076,8788000,30314696,54579,11452857
1999-09-01,82777,27008,55769,5979656,87772,50205,37567,15472855,93336,8788000,30401286,86590,11504759
1999-12-01,29566,16892,12674,5992330,79712,56103,23609,15496464,36283,8788000,30492106,90820,11559464
2000-03-01,60153,13123,47030,6039360,82627,59012,23615,15520079,70645,8788000,30525872,33766,11576994
2000-06-01,75926,16630,59296,6098656,86801,51909,34892,15554971,94188,8788000,30594030,68158,11621255
2000-09-01,96793,28018,68775,6167431,83173,51192,31981,15586952,100756,8788000,30685730,91700,11683290
2000-12-01,40540,16888,23652,6191083,75281,55949,19332,15606284,42984,8788000,30783969,98239,11748348
2001-03-01,78547,12895,65652,6256735,81350,57986,23364,15629648,89016,8788000,30824441,40472,11771945
2001-06-01,94149,15528,78621,6335356,87303,53987,33316,15662964,111937,8788000,30910996,86555,11827345
2001-09-01,108844,32974,75870,6411226,86123,52159,33964,15696928,109834,8788000,31020902,109906,11897534
2001-12-01,38397,20067,18330,6429556,78968,55406,23562,15720490,41892,8788000,31129119,108217,11961789
2002-03-01,76474,11448,65026,6494582,79345,58799,20546,15741036,85572,8788000,31169393,40274,11980361
2002-06-01,91927,13218,78709,6573291,83719,54130,29589,15770625,108298,8788000,31253382,83989,12030408
2002-09-01,89278,29153,60125,6633416,86618,53441,33177,15803802,93302,8788000,31360079,106697,12094174
2002-12-01,27538,18898,8640,6642056,79120,57233,21887,15825689,30527,8788000,31451764,91685,12146053
2003-03-01,66971,16203,50768,6692824,79299,58390,20909,15846598,71677,8788000,31480672,28908,12156750
2003-06-01,81411,17195,64216,6757040,85486,54841,30645,15877243,94861,8788000,31550768,70096,12195501
2003-09-01,87481,27469,60012,6817052,88856,53411,35445,15912688,95457,8788000,31644028,93260,12245039
2003-12-01,39126,19706,19420,6836472,81561,59527,22034,15934722,41454,8788000,31737869,93841,12291669
2004-03-01,68106,18072,50034,6886506,81583,61052,20531,15955253,70565,8788000,31777704,39835,12305320
2004-06-01,85159,20497,64662,6951168,85762,54839,30923,15986176,95585,8788000,31846669,68965,12341656
2004-09-01,93477,27766,65711,7016879,87992,52781,35211,16021387,100922,8788000,31940655,93986,12391421
2004-12-01,34338,19781,14557,7031436,81735,57912,23823,16045210,38380,8788000,32039959,99304,12437664
2005-03-01,66403,17672,48731,7080167,81190,63115,18075,16063285,66806,8788000,32076720,36761,12446466
2005-06-01,91128,19973,71155,7151322,88353,56098,32255,16095540,103410,8788000,32141943,65223,12477967
2005-09-01,103274,28357,74917,7226239,90369,53452,36917,16132457,111834,8788000,32243753,101810,12528663
2005-12-01,38006,19846,18160,7244399,82264,57467,24797,16157254,42957,8788000,32353968,110215,12578931
2006-03-01,71317,19478,51839,7296238,83594,58858,24736,16181990,76575,8788000,32395309,41341,12587531
2006-06-01,92466,21289,71177,7367415,89855,55712,34143,16216133,105320,8788000,32470303,74994,12618444
2006-09-01,104158,27357,76801,7444216,94248,54206,40042,16256175,116843,8788000,32571174,100871,12661878
2006-12-01,36147,19469,16678,7460894,86920,59303,27617,16283792,44295,8788000,32680712,109538,12700994
2007-03-01,70434,17914,52520,7513414,86410,63469,22941,16306733,75461,8788000,32717701,36989,12702838
2007-06-01,94045,20295,73750,7587164,93338,56847,36491,16343224,110241,8788000,32786014,68313,12726728
2007-09-01,105738,27715,78023,7665187,97435,55038,42397,16385621,120420,8788000,32889025,103011,12764806
2007-12-01,43988,19024,24964,7690151,90681,59863,30818,16416439,55782,8788000,33002138,113113,12807208
2008-03-01,74781,17931,56850,7747001,90170,62884,27286,16443725,84136,8788000,33050613,48475,12814446
2008-06-01,110169,20013,90156,7837157,95409,58740,36669,16480394,126825,8788000,33127520,76907,12840272
2008-09-01,115803,27992,87811,7924968,100441,55646,44795,16525189,132606,8788000,33247118,119598,12883583
2008-12-01,50651,19230,31421,7956389,91866,61347,30519,16555708,61940,8788000,33372418,125300,12927148
2009-03-01,79986,16399,63587,8019976,90410,62624,27786,16583494,91373,8788000,33427050,54632,12932234
2009-06-01,102804,16439,86365,8106341,96573,58091,38482,16621976,124847,8788000,33511275,84225,12956332
2009-09-01,114018,23828,90190,8196531,101200,55899,45301,16667277,135491,8788000,33628895,117620,12998345
2009-12-01,44685,17804,26881,8223412,92680,61804,30876,16698153,57757,8788000,33757077,128182,13047485
2010-03-01,76240,16578,59662,8283074,90371,61177,29194,16727347,88856,8788000,33807529,50452,13058435
2010-06-01,104377,18360,86017,8369091,95122,58258,36864,16764211,122881,8788000,33889236,81707,13088106
2010-09-01,118197,25131,93066,8462157,98763,57728,41035,16805246,134101,8788000,34004889,115653,13135778
2010-12-01,29785,18108,11677,8473834,92957,62912,30045,16835291,41722,8788000,34131683,126794,13189339
2011-03-01,65329,18132,47197,8521031,89553,65321,24232,16859523,71429,8788000,34166099,34416,13198650
2011-06-01,97658,18617,79041,8600072,95678,59534,36144,16895667,115185,8788000,34230378,64279,13221999
2011-09-01,110838,30083,80755,8680827,100674,57204,43470,16939137,124225,8788000,34339328,108950,13261381
2011-12-01,55008,21375,33633,8714460,91731,61452,30279,16969416,63912,8788000,34457998,118670,13308659
2012-03-01,75153,20334,54819,8769279,91145,64044,27101,16996517,81920,8788000,34516352,58354,13323332
2012-06-01,111621,20264,91357,8860636,95290,59710,35580,17032097,126937,8788000,34592779,76427,13348263
2012-09-01,112513,28008,84505,8945141,101178,58342,42836,17074933,127341,8788000,34714222,121443,13390632
2012-12-01,42488,19579,22909,8968050,94256,64500,29756,17104689,52665,8788000,34836008,121786,13434943
2013-03-01,78514,20685,57829,9025879,90860,68158,22702,17127391,80531,8788000,34883119,47111,13444704
2013-06-01,116101,20524,95577,9121456,95313,60656,34657,17162048,130234,8788000,34958216,75097,13467829
2013-09-01,120029,27399,92630,9214086,100839,59003,41836,17203884,134466,8788000,35082954,124738,13510781
2013-12-01,35245,20709,14536,9228622,93311,64521,28790,17232674,43326,8788000,35211866,128912,13558528
2014-03-01,75892,21086,54806,9283428,91423,66901,24522,17257196,79328,8788000,35249639,37773,13562583
2014-06-01,106514,21196,85318,9368746,96708,62627,34081,17291277,119399,8788000,35323533,73894,13582747
2014-09-01,115078,29509,85569,9454315,102468,60871,41597,17332874,127166,8788000,35437435,113902,13617553
2014-12-01,16786,20169,-3383,9450932,93501,68422,25079,17357953,21696,8788000,35559047,121612,13661314
2015-03-01,45369,21358,24011,9474943,90662,73157,17505,17375458,41516,8788000,35575187,16140,13657737
2015-06-01,85623,21466,64157,9539100,96684,63711,32973,17408431,97130,8788000,35611271,36084,13669860
2015-09-01,116198,31441,84757,9623857,101749,60963,40786,17449217,125543,8788000,35702908,91637,13707118
2015-12-01,48739,21737,27002,9650859,93297,66502,26795,17476012,53797,8788000,35822894,119986,13757688
2016-03-01,104053,21413,82640,9733499,91963,69942,22021,17498033,104661,8788000,35871136,48242,13773629
2016-06-01,129614,19966,109648,9843147,96570,64680,31890,17529923,141538,8788000,35970303,99167,13816545
2016-09-01,138192,28608,109584,9952731,102523,62868,39655,17569578,149239,8788000,36109487,139184,13875394
2016-12-01,52410,19360,33050,9985781,92046,69723,22323,17591901,55373,8788000,36258726,149239,13946431
2017-03-01,88804,19646,69158,10054939,90063,75307,14756,17606657,83914,8788000,36314099,55373,13971785
2017-06-01,136300,17986,118314,10173253,95274,66365,28909,17635566,147223,8788000,36398013,83914,14006386
2017-09-01,164982,24313,140669,10313922,100269,64951,35318,17670884,175987,8788000,36545236,147223,14070141
2017-12-01,73873,16923,56950,10370872,92161,71926,20235,17691119,77185,8788000,36721223,175987,14150783
2018-03-01,107907,18824,89083,10459955,89315,78375,10940,17702059,100023,8788000,36798408,77185,14186830
2018-06-01,157970,17814,140156,10600111,95005,68508,26497,17728556,166653,8788000,36898431,100023,14235643
2018-09-01,176052,23764,152288,10752399,99209,66196,33013,17761569,185301,8788000,37065084,166653,14308697
2018-12-01,73693,17292,56401,10808800,90933,72484,18449,17780018,74850,8788000,37250385,185301,14392903
2019-03-01,101573,17561,84012,10892812,88408,74709,13699,17793717,97711,8788000,37325235,74850,14426822
2019-06-01,169875,16407,153468,11046280,94318,69502,24816,17818533,178284,8788000,37422946,97711,14467552
2019-09-01,198934,23027,175907,11222187,99934,67033,32901,17851434,208808,8788000,37601230,178284,14544701
2019-12-01,97906,15233,82673,11304860,90541,74251,16290,17867724,98963,8788000,37810038,208808,14636131
2020-03-01,81746,16417,65329,11370189,88700,76848,11852,17879576,77181,8788000,37909001,98963,14686092
2020-06-01,13041,5267,7774,11377963,91884,78674,13210,17892786,20984,8788000,37986182,77181,14718133
2020-09-01,12597,11892,705,11378668,94972,70601,24371,17917157,25076,8788000,38007166,20984,14726022
2020-12-01,43655,11319,32336,11411004,85406,81340,4066,17921223,36402,8788000,38007048,-118,14721852
2021-03-01,90440,16076,74364,11485368,86683,80124,6559,17927782,80923,8788000,38043450,36402,14740102
2021-06-01,97366,15393,81973,11567341,94552,74400,20152,17947934,102125,8788000,38124373,80923,14773618
2021-09-01,198633,23000,175633,11742974,99084,74742,24342,17972276,199975,8788000,38226498,102125,14809257
2021-12-01,105607,22668,82939,11825913,89402,82676,6726,17979002,89665,8788000,38426473,199975,14901607
2022-03-01,148070,18114,129956,11955869,86743,87917,-1174,17977828,128782,8788000,38516138,89665,14940912
2022-06-01,286238,16933,269305,12225174,93563,77886,15677,17993505,284982,8788000,38644920,128782,14996014
2022-09-01,365625,24959,340666,12565840,98438,76651,21787,18015292,362453,8788000,38929902,284982,15109416
2022-12-01,285792,18162,267630,12833470,90292,84029,6263,18021555,273893,8788000,39292355,362453,15262660
2023-03-01,,,,,,,,,,,39566248,273893,15386407